﻿<?xml version="1.0"?>
<doc>
<assembly>
<name>
INIParser
</name>
</assembly>
<members>
<member name="P:iniparser.My.Resources.Resources.ResourceManager">
	<summary>
  Returns the cached ResourceManager instance used by this class.
</summary>
</member><member name="P:iniparser.My.Resources.Resources.Culture">
	<summary>
  Overrides the current thread's CurrentUICulture property for all
  resource lookups using this strongly typed resource class.
</summary>
</member><member name="T:iniparser.My.Resources.Resources">
	<summary>
  A strongly-typed resource class, for looking up localized strings, etc.
</summary>
</member><member name="M:iniparser.INIFileHandler.#ctor(System.String)">
	<summary>Reads in INI File</summary>
	<param name="strINIFile">FullPath of INI file to read in</param>
</member><member name="M:iniparser.INIFileHandler.ReadFile(System.String)">
	<summary>Reads in INI File</summary>
	<returns>Returns TRUE if OK</returns>
	<param name="strINIFile">FullPath of INI file to read in</param>
</member><member name="M:iniparser.Sections.AddSection(System.String)">
	<summary>Adds Setting(Key, Value) to Section </summary>
	<param name="Name">The Key(name) of the setting</param>
</member><member name="M:iniparser.Sections.AddSetting(System.String,System.String)">
	<summary>Adds Setting(Key, Value) to Section </summary>
	<param name="Name">The Key(name) of the setting</param>
	<param name="Value">The Value of the setting</param>
</member><member name="P:iniparser.Sections.Sections(System.String)">
	<summary>Get Named section</summary>
	<returns>Returns Section</returns>
	<param name="Name">Name of Section</param>
</member><member name="P:iniparser.Sections.Sections(System.Int32)">
	<summary>Get Named section</summary>
	<returns>Returns Section</returns>
	<param name="Index"># of Section</param>
</member><member name="P:iniparser.Section.Settings">
	<summary>Get Settings collection</summary>
	<returns>Returns Settings Collection</returns>
</member><member name="P:iniparser.Section.Keys(System.Int32)">
	<summary>Get Key by Index</summary>
	<returns>Returns Key name of Setting(index)</returns>
</member>
</members>
</doc>