﻿<?xml version="1.0"?>
<doc>
<assembly>
<name>
NightscapeStaffAssistant
</name>
</assembly>
<members>
<member name="P:Nightscape_Staff_Assistant.My.MySettings.NightscapeLocation">
	<summary>
Installed location of the Nightscape Client.
</summary>
</member><member name="P:Nightscape_Staff_Assistant.My.MySettings.InsideUOLocation">
	<summary>
Installed location of InsideUO
</summary>
</member><member name="P:Nightscape_Staff_Assistant.My.MySettings.TooltipStyle">
	<summary>
Tobbles tooltip style between standard and balloon.
</summary>
</member><member name="P:Nightscape_Staff_Assistant.My.MySettings.StartupTab">
	<summary>
Tab to show when the program first starts.
</summary>
</member><member name="P:Nightscape_Staff_Assistant.My.MySettings.AutoLaunchType">
	<summary>
Toggles between launch the patch client or the game client directly.
</summary>
</member><member name="P:Nightscape_Staff_Assistant.My.MySettings.SystrayIcon">
	<summary>
Specifies the icon to use in the system tray.
</summary>
</member><member name="P:Nightscape_Staff_Assistant.My.MySettings.TaskbarType">
	<summary>
Toggles between always showing the program on the taskbar and only showingit when maximized.
</summary>
</member><member name="P:Nightscape_Staff_Assistant.My.MySettings.Opacity">
	<summary>
Type of opacity feature to use.
</summary>
</member><member name="P:Nightscape_Staff_Assistant.My.MySettings.AlwaysOnTop">
	<summary>
Appear on top of other programs
</summary>
</member><member name="P:Nightscape_Staff_Assistant.My.MySettings.EnableTooltips">
	<summary>
Enable or disable tooltips for the program.
</summary>
</member><member name="P:Nightscape_Staff_Assistant.My.MySettings.ShowSplashScreen">
	<summary>
Enable or disable showing the splash screen when the program starts.
</summary>
</member><member name="P:Nightscape_Staff_Assistant.My.MySettings.AutoLaunchClient">
	<summary>
Enable or disable auto-launching the Nightscape client when the program starts.
</summary>
</member><member name="P:Nightscape_Staff_Assistant.My.MySettings.ShowInTray">
	<summary>
Enables or disables showing the program in the system tray.
</summary>
</member><member name="P:Nightscape_Staff_Assistant.My.MySettings.ShowOnTaskbar">
	<summary>
Enables or disables showing the program on the taskbar.
</summary>
</member><member name="P:Nightscape_Staff_Assistant.My.MySettings.OpacityLevel">
	<summary>
The level of opacity for the program.
</summary>
</member><member name="P:Nightscape_Staff_Assistant.My.MySettings.FadeInTime">
	<summary>
Time in millliseconds for the program to return to opaque after regaining focus.
</summary>
</member><member name="P:Nightscape_Staff_Assistant.My.MySettings.FadeOutTime">
	<summary>
Time in milliseconds for the program to face out to the desired transparency level after losing focus.
</summary>
</member><member name="P:Nightscape_Staff_Assistant.My.MySettings.CheckUpdates">
	<summary>
Enable or disable automatically checking for software updates at startup.
</summary>
</member><member name="P:Nightscape_Staff_Assistant.My.MySettings.UpdateInterval">
	<summary>
How often to check for updates, can be "always", "daily" or "weekly".
</summary>
</member><member name="P:Nightscape_Staff_Assistant.My.MySettings.LastUpdateCheck">
	<summary>
Date and time the last update check was performed.
</summary>
</member><member name="P:Nightscape_Staff_Assistant.My.MySettings.UpdateCore">
	<summary>
Enable or disable automatically downloading and installing updates for the core executable.
</summary>
</member><member name="P:Nightscape_Staff_Assistant.My.MySettings.UpdateBuildList">
	<summary>
Enable or disable automatically downloading and installing updates for the build list.
</summary>
</member><member name="P:Nightscape_Staff_Assistant.My.MySettings.UpdateItemList">
	<summary>
Enable or disable automatically downloading and installing updates for the item list.
</summary>
</member><member name="P:Nightscape_Staff_Assistant.My.MySettings.UpdateNPCList">
	<summary>
Enable or disable automatically downloading and installing updates for the NPC list.
</summary>
</member><member name="P:Nightscape_Staff_Assistant.My.MySettings.UpdateLocationList">
	<summary>
Enable or disable automatically downloading and installing updates for the travel list.
</summary>
</member><member name="P:Nightscape_Staff_Assistant.My.MySettings.AutoComplete">
	<summary>
Enable or disable autocomplete for certain form elements.
</summary>
</member><member name="P:Nightscape_Staff_Assistant.My.MySettings.AnimateNPCs">
	<summary>
Enable or disable showing NPCs animated in the preview window.
</summary>
</member><member name="P:Nightscape_Staff_Assistant.My.MySettings.TrackLocation">
	<summary>
Enable or disable the tracking of the in-game location.
</summary>
</member><member name="P:Nightscape_Staff_Assistant.My.Resources.Resources.ResourceManager">
	<summary>
  Returns the cached ResourceManager instance used by this class.
</summary>
</member><member name="P:Nightscape_Staff_Assistant.My.Resources.Resources.Culture">
	<summary>
  Overrides the current thread's CurrentUICulture property for all
  resource lookups using this strongly typed resource class.
</summary>
</member><member name="P:Nightscape_Staff_Assistant.My.Resources.Resources.building_materials">
	<summary>
  Looks up a localized string similar to C=Doors
S=Metal Doors
I=Short Metal Door (N/SW L CW)                      0675
I=Short Metal Door (N/SE R CCW)                     0677
I=Short Metal Door (W/SE L CW)                      067D
I=Short Metal Door (W/NE R CCW)                     067F
I=Tall Metal Door (N/SW L CW)                       06C5
I=Tall Metal Door (N/SE R CCW)                      06C7
I=Tall Metal Door (W/SE L CW)                       06CD
I=Tall Metal Door (W/NE R CCW)                      06CF
I=Barred Metal Door (N/S [rest of string was truncated]";.
</summary>
</member><member name="P:Nightscape_Staff_Assistant.My.Resources.Resources.items_list">
	<summary>
  Looks up a localized string similar to G=Accessories for Town and Homes
C=Light Sources
S=Lamp Posts
I=Plain Square Lamp Post (Lit)                      0B20
I=Plain Square Lamp Post (Unlit)                    0B21
I=Plain Rounded Lamp Post (Lit)                     0B22
I=Plain Rounded Lamp Post (Unlit)                   0B23
I=Fancy Lamp Post (Lit)                             0B24
I=Fancy Lamp Post (Unlit)                           0B25
S=Candles
I=Small Candle (Lit)                                1434
I=Burnt Out Candle             [rest of string was truncated]";.
</summary>
</member><member name="P:Nightscape_Staff_Assistant.My.Resources.Resources.locations_list">
	<summary>
  Looks up a localized string similar to C=GameMaster
S=Jails
I=Jail Cell #01                                     5276,1164,0
I=Jail Cell #02                                     5286,1164,0
I=Jail Cell #03                                     5296,1164,0
I=Jail Cell #04                                     5306,1164,0
I=Jail Cell #05                                     5276,1174,0
I=Jail Cell #06                                     5286,1174,0
I=Jail Cell #07                                     5296,1174,0
I=Jail Cell #08                    [rest of string was truncated]";.
</summary>
</member><member name="P:Nightscape_Staff_Assistant.My.Resources.Resources.npc_list">
	<summary>
  Looks up a localized string similar to G=Animals
S=Arctic Animal
N=frostwolf
B=00e1
C=2460
N=polar
B=00d5
C=0
N=walrus
B=00dd
C=0
S=Desert
N=snake
B=0034
C=0
N=firelizard
B=00ce
C=0x66d
N=gargoyle
B=0004
C=0
N=giant_serpent
B=0015
C=0
N=imp
B=0027
C=0
N=mongbat
B=0027
C=0
N=scorpion
B=0030
C=0
N=spider
B=001c
C=0
N=stonegargoyle
B=0004
C=900
S=Domestic Animal
N=bull
B=00e9
C=0
N=cat
B=00c9
C=0
N=chicken
B=00d0
C=0
N=cow
B=00d8
C=0
N=dog
B=00d9
C=0
N=goat
B=00d1
C=0
N=horse
B=00cc
C=0
N [rest of string was truncated]";.
</summary>
</member><member name="T:Nightscape_Staff_Assistant.My.Resources.Resources">
	<summary>
  A strongly-typed resource class, for looking up localized strings, etc.
</summary>
</member>
</members>
</doc>